,x0,y0,sigmax,sigmay,theta,phi,frequency
0,1.6407155990600586,-1.224259376525879,10.8834228515625,11.894886016845703,1.257091999053955,3.3665010929107666,0.0
