,x0,y0,sigmax,sigmay,theta,phi,frequency
0,0.828219473361969,11.373143196105957,4.987839221954346,6.610667705535889,2.418264865875244,4.872596740722656,0.015984946861863136
