,x0,y0,sigmax,sigmay,theta,phi,frequency
0,6.07838773727417,11.492046356201172,4.691422462463379,11.897523880004883,1.448887586593628,3.02654767036438,0.0
