,x0,y0,sigmax,sigmay,theta,phi,frequency
0,7.178805351257324,16.509891510009766,4.355300426483154,10.12007999420166,0.3921754062175751,0.0,0.0
