,x0,y0,sigmax,sigmay,theta,phi,frequency
0,6.548394680023193,5.988764762878418,0.7738335728645325,0.4961145222187042,3.1415927410125732,1.5850211381912231,0.004018058069050312
