,x0,y0,sigmax,sigmay,theta,phi,frequency
0,6.9985246658325195,4.693310260772705,2.6318907737731934,10.731898307800293,1.4966145753860474,4.448271751403809,0.01596015878021717
