,x0,y0,sigmax,sigmay,theta,phi,frequency
0,7.788347244262695,4.19019889831543,2.52235746383667,4.586001873016357,0.9564411044120789,0.6301949620246887,0.1002768948674202
