,x0,y0,sigmax,sigmay,theta,phi,frequency
0,3.200279712677002,-1.8496512174606323,11.154960632324219,6.720403671264648,0.524276852607727,3.240412712097168,0.0
