,x0,y0,sigmax,sigmay,theta,phi,frequency
0,7.623201847076416,6.0246381759643555,2.099684000015259,1.907409429550171,0.4254361391067505,4.774258613586426,0.009952240623533726
