,x0,y0,sigmax,sigmay,theta,phi,frequency
0,3.163270950317383,-1.0753928422927856,10.137030601501465,11.894725799560547,0.8113571405410767,3.27384090423584,0.0
