,x0,y0,sigmax,sigmay,theta,phi,frequency
0,4.926538944244385,8.934340476989746,4.15085506439209,1.209690809249878,2.3829729557037354,4.933499813079834,0.003972921520471573
