,x0,y0,sigmax,sigmay,theta,phi,frequency
0,0.8527053594589233,-0.6012747287750244,8.289149284362793,10.132771492004395,1.049230694770813,1.7692041397094727,0.015988431870937347
