,x0,y0,sigmax,sigmay,theta,phi,frequency
0,12.9114990234375,15.88919448852539,6.931121826171875,11.896424293518066,0.3785470724105835,0.0,0.0
