,x0,y0,sigmax,sigmay,theta,phi,frequency
0,0.5935056209564209,3.7233054637908936,7.487184047698975,4.494531631469727,3.1415927410125732,4.299074172973633,0.016002565622329712
