,x0,y0,sigmax,sigmay,theta,phi,frequency
0,15.019363403320312,15.683351516723633,11.896965026855469,9.479584693908691,2.404096841812134,0.0,0.0
