,x0,y0,sigmax,sigmay,theta,phi,frequency
0,5.804832935333252,5.8769330978393555,4.333590030670166,7.443542003631592,1.4554451704025269,1.6714411973953247,0.0
