,x0,y0,sigmax,sigmay,theta,phi,frequency
0,7.006175994873047,6.889985084533691,4.531226634979248,1.5843600034713745,0.7779827117919922,4.650659084320068,0.015958845615386963
