,x0,y0,sigmax,sigmay,theta,phi,frequency
0,1.6160105466842651,4.444099426269531,7.2060747146606445,10.870434761047363,1.4630485773086548,3.1805033683776855,0.0
