,x0,y0,sigmax,sigmay,theta,phi,frequency
0,7.233098983764648,7.08903694152832,4.617795944213867,1.571143627166748,0.9586268663406372,4.599574089050293,0.015907829627394676
