,x0,y0,sigmax,sigmay,theta,phi,frequency
0,4.675431728363037,4.714882850646973,1.8161083459854126,8.705388069152832,1.5514161586761475,4.480717658996582,0.023884393274784088
