,x0,y0,sigmax,sigmay,theta,phi,frequency
0,5.862667083740234,6.1277055740356445,11.895913124084473,11.541084289550781,0.4927785396575928,3.215611219406128,0.0
