,x0,y0,sigmax,sigmay,theta,phi,frequency
0,5.617037773132324,6.382568359375,2.549044370651245,1.3521173000335693,0.8154742121696472,4.381435394287109,0.015633365139365196
