,x0,y0,sigmax,sigmay,theta,phi,frequency
0,4.9886794090271,3.5973315238952637,8.46334171295166,11.895774841308594,0.8871492743492126,3.2564945220947266,0.0
