,x0,y0,sigmax,sigmay,theta,phi,frequency
0,4.316782474517822,0.6302135586738586,10.402414321899414,11.895652770996094,0.3550322353839874,3.1963391304016113,0.0
