,x0,y0,sigmax,sigmay,theta,phi,frequency
0,5.323622226715088,-0.0008785540703684092,11.89585018157959,8.387438774108887,1.911190390586853,1.767478585243225,0.0
