,x0,y0,sigmax,sigmay,theta,phi,frequency
0,15.490944862365723,15.493109703063965,11.896529197692871,10.11834716796875,1.763452410697937,0.0,0.0
