,x0,y0,sigmax,sigmay,theta,phi,frequency
0,8.029537200927734,8.947049140930176,2.124967336654663,7.243556499481201,2.300305128097534,5.465073585510254,0.0
