,x0,y0,sigmax,sigmay,theta,phi,frequency
0,6.908702850341797,9.351991653442383,4.243682861328125,0.9096565246582031,2.097672462463379,0.0,0.0
