,x0,y0,sigmax,sigmay,theta,phi,frequency
0,16.01646614074707,14.775028228759766,7.8773674964904785,8.557517051696777,2.4073309898376465,5.219958782196045,0.0
