,x0,y0,sigmax,sigmay,theta,phi,frequency
0,5.9828643798828125,7.585628509521484,2.9991893768310547,9.335399627685547,2.0054993629455566,4.679773807525635,0.016004282981157303
