,x0,y0,sigmax,sigmay,theta,phi,frequency
0,7.32166051864624,9.936264991760254,8.063071250915527,10.89061164855957,1.7681347131729126,4.534414768218994,0.007997672073543072
