,x0,y0,sigmax,sigmay,theta,phi,frequency
0,4.162591934204102,5.231053829193115,9.375382423400879,8.576152801513672,2.4675896167755127,3.278655529022217,0.0
