,x0,y0,sigmax,sigmay,theta,phi,frequency
0,3.0281405448913574,-0.9002551436424255,11.341720581054688,11.891209602355957,0.7520057559013367,3.2141635417938232,0.0
