,x0,y0,sigmax,sigmay,theta,phi,frequency
0,4.870655536651611,-0.8086152076721191,11.88943099975586,8.653233528137207,1.8248248100280762,4.618380546569824,0.0
