,x0,y0,sigmax,sigmay,theta,phi,frequency
0,6.429121017456055,7.726916790008545,2.0946314334869385,0.5849699378013611,1.1282540559768677,4.85269832611084,0.03225068002939224
