,x0,y0,sigmax,sigmay,theta,phi,frequency
0,6.8555803298950195,6.465896129608154,0.1956532597541809,1.2969766855239868,1.504805564880371,1.2170610427856445,0.5
