,x0,y0,sigmax,sigmay,theta,phi,frequency
0,2.3273582458496094,6.06637716293335,2.633826494216919,7.876041889190674,2.049677610397339,1.6793686151504517,0.0
