,x0,y0,sigmax,sigmay,theta,phi,frequency
0,6.132145404815674,11.826205253601074,9.842589378356934,2.937721014022827,0.9695000648498535,4.557557582855225,0.003982224501669407
