,x0,y0,sigmax,sigmay,theta,phi,frequency
0,6.8292107582092285,6.650557518005371,2.9196736812591553,1.7999567985534668,0.9510499238967896,4.740787506103516,0.007854554802179337
