,x0,y0,sigmax,sigmay,theta,phi,frequency
0,5.0500407218933105,4.634871482849121,3.8959262371063232,5.625980854034424,1.4723703861236572,2.9339113235473633,0.01994623802602291
