,x0,y0,sigmax,sigmay,theta,phi,frequency
0,6.474276542663574,3.596951484680176,2.5286433696746826,3.2661495208740234,2.0560834407806396,1.1373151540756226,0.0156019888818264
