,x0,y0,sigmax,sigmay,theta,phi,frequency
0,6.92124080657959,7.0296173095703125,4.438784122467041,1.5948399305343628,0.8516167998313904,4.516177654266357,0.03980705142021179
