,x0,y0,sigmax,sigmay,theta,phi,frequency
0,5.620229721069336,9.858905792236328,5.360241413116455,3.8431520462036133,2.7759666442871094,4.320605754852295,0.10004013776779175
