,x0,y0,sigmax,sigmay,theta,phi,frequency
0,-0.9139863848686218,-1.2623789310455322,9.732536315917969,11.89680290222168,1.920690655708313,3.244317054748535,0.0
