,x0,y0,sigmax,sigmay,theta,phi,frequency
0,5.708734512329102,5.804001808166504,5.965249061584473,1.4459173679351807,0.9809689521789551,3.858180522918701,0.06401007622480392
