,x0,y0,sigmax,sigmay,theta,phi,frequency
0,8.732124328613281,9.895597457885742,4.041536808013916,2.6153576374053955,0.9602370858192444,4.818521499633789,0.003983907401561737
