,x0,y0,sigmax,sigmay,theta,phi,frequency
0,0.31236526370048523,-1.4140827655792236,11.373751640319824,7.0396928787231445,0.6678375005722046,3.1946070194244385,0.0
