,x0,y0,sigmax,sigmay,theta,phi,frequency
0,4.110860347747803,0.7028954029083252,5.578117370605469,6.592384338378906,2.985774278640747,3.555405378341675,0.012137062847614288
