,x0,y0,sigmax,sigmay,theta,phi,frequency
0,9.386185646057129,4.9537129402160645,5.1396050453186035,2.255547046661377,0.6691396832466125,4.114290714263916,0.09216903150081635
