,x0,y0,sigmax,sigmay,theta,phi,frequency
0,-0.10453770309686661,8.384615898132324,2.443056106567383,10.259696006774902,1.5930447578430176,4.777040481567383,0.012017512694001198
