,x0,y0,sigmax,sigmay,theta,phi,frequency
0,4.243492603302002,4.146626949310303,2.7036831378936768,3.542721748352051,2.003641128540039,3.2811763286590576,0.10024487227201462
