,x0,y0,sigmax,sigmay,theta,phi,frequency
0,9.481626510620117,4.090795516967773,2.70644474029541,3.648942470550537,0.8825876116752625,0.2658005952835083,0.10721317678689957
