,x0,y0,sigmax,sigmay,theta,phi,frequency
0,6.2154741287231445,6.230770587921143,0.9436195492744446,0.44561076164245605,0.8258732557296753,4.037300109863281,0.09173207730054855
