,x0,y0,sigmax,sigmay,theta,phi,frequency
0,9.552485466003418,10.179952621459961,2.0727760791778564,4.598358154296875,0.43524661660194397,4.810901641845703,0.003951399587094784
