,x0,y0,sigmax,sigmay,theta,phi,frequency
0,11.234809875488281,4.6233439445495605,1.439031958580017,10.161064147949219,1.557554006576538,1.2942572832107544,0.02792319841682911
