,x0,y0,sigmax,sigmay,theta,phi,frequency
0,8.060328483581543,7.308350086212158,3.5326013565063477,1.357966423034668,0.7606620192527771,4.750669002532959,0.00999249704182148
