,x0,y0,sigmax,sigmay,theta,phi,frequency
0,2.3053267002105713,-1.4184054136276245,7.964324951171875,9.714947700500488,0.0,1.9542323350906372,0.00400535948574543
