,x0,y0,sigmax,sigmay,theta,phi,frequency
0,7.470643520355225,8.006804466247559,0.5172194242477417,0.2654804289340973,0.7850562930107117,4.937561988830566,0.1203693076968193
