,x0,y0,sigmax,sigmay,theta,phi,frequency
0,5.647834300994873,-0.8120933771133423,8.13530158996582,11.770427703857422,2.957502841949463,3.068671703338623,0.0
