,x0,y0,sigmax,sigmay,theta,phi,frequency
0,5.191308975219727,8.64128303527832,0.6914795637130737,3.8955330848693848,0.21381808817386627,2.0135245323181152,0.15727615356445312
