,x0,y0,sigmax,sigmay,theta,phi,frequency
0,9.81410026550293,4.108267784118652,5.5382537841796875,2.391474485397339,2.300990104675293,4.34367036819458,0.004012643359601498
