,x0,y0,sigmax,sigmay,theta,phi,frequency
0,7.7881646156311035,10.468284606933594,3.5830345153808594,7.458693981170654,2.767850399017334,0.0,0.09184707701206207
