,x0,y0,sigmax,sigmay,theta,phi,frequency
0,-1.4470332860946655,-1.9298365116119385,9.899682998657227,7.378537654876709,0.8294307589530945,3.299487352371216,0.0
