,x0,y0,sigmax,sigmay,theta,phi,frequency
0,9.909348487854004,9.889947891235352,4.878376483917236,2.721806049346924,2.0818097591400146,0.0,0.0
