,x0,y0,sigmax,sigmay,theta,phi,frequency
0,8.266023635864258,1.551398515701294,4.844017505645752,5.9651689529418945,2.4964094161987305,1.875669002532959,0.016150984913110733
