,x0,y0,sigmax,sigmay,theta,phi,frequency
0,15.283220291137695,15.04404354095459,8.298144340515137,11.896749496459961,0.6637824773788452,0.0,0.0
