,x0,y0,sigmax,sigmay,theta,phi,frequency
0,4.787996292114258,16.058298110961914,4.281520843505859,9.28846549987793,0.5936821699142456,0.043928008526563644,0.0
