,x0,y0,sigmax,sigmay,theta,phi,frequency
0,9.899216651916504,0.16175419092178345,6.1808671951293945,3.6569089889526367,1.2146559953689575,4.885109901428223,0.0
