,x0,y0,sigmax,sigmay,theta,phi,frequency
0,5.488178730010986,5.432089805603027,3.8959505558013916,11.880525588989258,1.381756067276001,1.6462856531143188,0.02001538686454296
