,x0,y0,sigmax,sigmay,theta,phi,frequency
0,0.4721216857433319,6.448783874511719,0.16080595552921295,8.266599655151367,1.9516205787658691,4.981415271759033,0.0
