,x0,y0,sigmax,sigmay,theta,phi,frequency
0,2.9667391777038574,5.042332649230957,11.083009719848633,3.7780354022979736,2.691965341567993,3.012152910232544,0.0
