,x0,y0,sigmax,sigmay,theta,phi,frequency
0,10.391019821166992,7.761496543884277,1.504653811454773,3.7758352756500244,0.6347926259040833,0.0,0.0
