,x0,y0,sigmax,sigmay,theta,phi,frequency
0,6.193359375,6.618754863739014,1.4882391691207886,0.6913679242134094,1.1851035356521606,4.444944381713867,0.0602799654006958
