,x0,y0,sigmax,sigmay,theta,phi,frequency
0,8.665095329284668,9.637492179870605,4.86734676361084,1.6807984113693237,0.672540545463562,4.989952087402344,0.007069111801683903
