,x0,y0,sigmax,sigmay,theta,phi,frequency
0,3.1354119777679443,4.937562942504883,5.382354736328125,9.901256561279297,1.2481811046600342,3.34783673286438,0.0
