,x0,y0,sigmax,sigmay,theta,phi,frequency
0,6.454061508178711,7.838155269622803,1.901584267616272,0.8465070724487305,1.0676244497299194,4.740725040435791,0.003853426082059741
