,x0,y0,sigmax,sigmay,theta,phi,frequency
0,7.494390964508057,4.090510368347168,4.370707035064697,2.781601667404175,0.1285066455602646,4.38128662109375,0.023546598851680756
