,x0,y0,sigmax,sigmay,theta,phi,frequency
0,10.914580345153809,0.605692446231842,6.502647399902344,8.027482986450195,0.4294363856315613,4.384815692901611,0.016008708626031876
