,x0,y0,sigmax,sigmay,theta,phi,frequency
0,6.661735534667969,7.7814860343933105,5.172573089599609,6.111652851104736,2.505571126937866,4.63291597366333,0.024063892662525177
