,x0,y0,sigmax,sigmay,theta,phi,frequency
0,-0.5911391973495483,4.849582672119141,7.369178295135498,1.9692267179489136,3.1415927410125732,4.5487165451049805,0.016005640849471092
