,x0,y0,sigmax,sigmay,theta,phi,frequency
0,6.249271869659424,6.196291923522949,4.395129680633545,1.3771597146987915,0.801173985004425,4.446059703826904,0.035979222506284714
