,x0,y0,sigmax,sigmay,theta,phi,frequency
0,12.940892219543457,-1.0739344358444214,9.716522216796875,4.444341659545898,2.6030805110931396,1.720707893371582,0.008013049140572548
