,x0,y0,sigmax,sigmay,theta,phi,frequency
0,7.660842418670654,8.272109985351562,4.266989707946777,1.7085684537887573,0.8774003386497498,4.8650617599487305,0.015459218062460423
