,x0,y0,sigmax,sigmay,theta,phi,frequency
0,-0.45804810523986816,-0.39890408515930176,8.270745277404785,8.643653869628906,1.3803821802139282,1.7275758981704712,0.01600344479084015
