,x0,y0,sigmax,sigmay,theta,phi,frequency
0,7.335298538208008,10.923730850219727,7.883299350738525,11.89862060546875,1.5313140153884888,3.114715337753296,0.012013348750770092
