,x0,y0,sigmax,sigmay,theta,phi,frequency
0,7.111972332000732,5.490677356719971,1.4909602403640747,0.1392107754945755,1.3652294874191284,1.0918153524398804,0.15824827551841736
