,x0,y0,sigmax,sigmay,theta,phi,frequency
0,3.2861878871917725,-0.46139097213745117,11.858458518981934,11.873615264892578,3.1415927410125732,3.613931894302368,0.0
