,x0,y0,sigmax,sigmay,theta,phi,frequency
0,6.434348106384277,6.686901092529297,0.959435760974884,0.11803904920816422,0.9215680360794067,1.5626459121704102,0.004022594075649977
