,x0,y0,sigmax,sigmay,theta,phi,frequency
0,8.519834518432617,7.27789831161499,0.16755826771259308,3.378443717956543,1.6892732381820679,2.0192031860351562,0.39394453167915344
