,x0,y0,sigmax,sigmay,theta,phi,frequency
0,1.5999572277069092,0.04829105734825134,5.284151554107666,10.241795539855957,1.250382661819458,1.73513662815094,0.01610538549721241
