,x0,y0,sigmax,sigmay,theta,phi,frequency
0,11.7992582321167,7.337992191314697,3.747934579849243,9.606535911560059,1.3052618503570557,2.3676962852478027,0.0
