,x0,y0,sigmax,sigmay,theta,phi,frequency
0,7.0129289627075195,3.5920746326446533,3.2713751792907715,3.1506545543670654,0.19712646305561066,0.0,0.12014158070087433
