,x0,y0,sigmax,sigmay,theta,phi,frequency
0,-1.746251106262207,8.128303527832031,0.9513007998466492,9.417122840881348,1.561551809310913,1.666001558303833,0.05164146423339844
