,x0,y0,sigmax,sigmay,theta,phi,frequency
0,12.266668319702148,7.985827922821045,0.0140760513022542,3.805717706680298,1.8237698078155518,0.1948443502187729,0.0
