,x0,y0,sigmax,sigmay,theta,phi,frequency
0,6.417091369628906,7.747707843780518,3.2376630306243896,0.10196134448051453,0.5235720872879028,4.658783912658691,0.02272585779428482
