,x0,y0,sigmax,sigmay,theta,phi,frequency
0,4.148609638214111,4.976946830749512,4.349889755249023,10.89415454864502,0.9835879802703857,4.575361728668213,0.0
