,x0,y0,sigmax,sigmay,theta,phi,frequency
0,6.954636096954346,8.004621505737305,5.526361465454102,9.59272289276123,1.5999475717544556,3.11250376701355,0.0
