,x0,y0,sigmax,sigmay,theta,phi,frequency
0,5.535481929779053,5.6189374923706055,3.7039296627044678,2.4868240356445312,0.8034778237342834,4.059500217437744,0.024044295772910118
