,x0,y0,sigmax,sigmay,theta,phi,frequency
0,12.215353965759277,-1.284569501876831,11.893722534179688,10.342595100402832,0.61558997631073,3.863793134689331,0.004027994349598885
