,x0,y0,sigmax,sigmay,theta,phi,frequency
0,15.139263153076172,15.290794372558594,10.381614685058594,11.89711856842041,1.1733723878860474,0.0,0.0
