,x0,y0,sigmax,sigmay,theta,phi,frequency
0,0.41062691807746887,-1.3647667169570923,9.79032039642334,11.89370346069336,1.507921576499939,3.2847745418548584,0.0
