,x0,y0,sigmax,sigmay,theta,phi,frequency
0,5.600909233093262,8.239532470703125,0.23148681223392487,0.9065190553665161,1.0929254293441772,4.608379364013672,0.0
