,x0,y0,sigmax,sigmay,theta,phi,frequency
0,4.608823299407959,4.538296699523926,1.4068684577941895,2.027926206588745,2.298360586166382,3.649637222290039,0.0
