,x0,y0,sigmax,sigmay,theta,phi,frequency
0,4.885233402252197,3.768054485321045,10.426786422729492,11.858345031738281,0.4819372296333313,3.6481199264526367,0.0
