,x0,y0,sigmax,sigmay,theta,phi,frequency
0,6.221512794494629,6.1694016456604,1.0123834609985352,0.592300295829773,0.6987272500991821,4.495662212371826,0.022564997896552086
