,x0,y0,sigmax,sigmay,theta,phi,frequency
0,4.8738813400268555,-1.1154701709747314,9.683574676513672,11.886788368225098,0.5543038845062256,3.3722522258758545,0.0
