,x0,y0,sigmax,sigmay,theta,phi,frequency
0,8.669178009033203,11.438282012939453,3.3697328567504883,5.549952507019043,2.7706210613250732,0.2838081121444702,0.08404116332530975
