,x0,y0,sigmax,sigmay,theta,phi,frequency
0,1.1158215999603271,3.890190601348877,2.0803351402282715,10.074421882629395,1.4470611810684204,4.6683855056762695,0.007999325171113014
