,x0,y0,sigmax,sigmay,theta,phi,frequency
0,8.66065502166748,13.505497932434082,3.1439266204833984,8.563637733459473,0.19211846590042114,4.882104873657227,0.0
