,x0,y0,sigmax,sigmay,theta,phi,frequency
0,1.80531907081604,-1.014525294303894,10.110236167907715,11.889389038085938,0.23213256895542145,3.2285897731781006,0.0
