,x0,y0,sigmax,sigmay,theta,phi,frequency
0,6.231209754943848,5.317123889923096,3.707113027572632,2.814114809036255,0.9897556304931641,4.115873336791992,0.024194933474063873
