,x0,y0,sigmax,sigmay,theta,phi,frequency
0,1.1245384216308594,-0.4641900062561035,7.57222843170166,9.940034866333008,1.346391201019287,1.8116391897201538,0.01196740660816431
