,x0,y0,sigmax,sigmay,theta,phi,frequency
0,5.086915969848633,3.1414878368377686,5.838427543640137,8.213607788085938,0.845291793346405,1.7730211019515991,0.0
