,x0,y0,sigmax,sigmay,theta,phi,frequency
0,2.5363330841064453,-1.2434401512145996,10.503891944885254,11.637045860290527,2.0753092765808105,3.294410228729248,0.0
