,x0,y0,sigmax,sigmay,theta,phi,frequency
0,7.164093017578125,9.113698959350586,11.899282455444336,10.670561790466309,1.414231300354004,3.1723341941833496,0.0
