,x0,y0,sigmax,sigmay,theta,phi,frequency
0,6.143511772155762,5.871930122375488,3.633531332015991,3.6418039798736572,1.0096980333328247,4.425432205200195,0.01599271222949028
