,x0,y0,sigmax,sigmay,theta,phi,frequency
0,0.7577292919158936,0.6251257061958313,11.89457893371582,9.053311347961426,0.6940727233886719,3.2678310871124268,0.0
