,x0,y0,sigmax,sigmay,theta,phi,frequency
0,5.564424991607666,4.986451148986816,1.945266842842102,1.1158849000930786,0.2984541058540344,4.3122878074646,0.019618626683950424
