,x0,y0,sigmax,sigmay,theta,phi,frequency
0,4.635344982147217,3.127183675765991,4.3161797523498535,10.202153205871582,0.8270267844200134,3.503138303756714,0.0
