,x0,y0,sigmax,sigmay,theta,phi,frequency
0,15.7395658493042,3.519479274749756,9.847987174987793,3.2666661739349365,3.1415927410125732,4.815553188323975,0.0
