,x0,y0,sigmax,sigmay,theta,phi,frequency
0,-0.3343307375907898,-0.14155682921409607,6.547273635864258,11.118462562561035,1.2483086585998535,1.7264354228973389,0.02000107616186142
