,x0,y0,sigmax,sigmay,theta,phi,frequency
0,5.053103923797607,-0.27139756083488464,3.576005697250366,6.903765678405762,0.5578216910362244,1.8937221765518188,0.028118127956986427
