,x0,y0,sigmax,sigmay,theta,phi,frequency
0,5.480120658874512,2.9785385131835938,5.147459983825684,9.013301849365234,0.8402822613716125,1.6654778718948364,0.0
