,x0,y0,sigmax,sigmay,theta,phi,frequency
0,1.8266273736953735,-1.1787006855010986,9.349452018737793,11.894514083862305,0.9822844862937927,3.1907219886779785,0.0
