,x0,y0,sigmax,sigmay,theta,phi,frequency
0,-0.29978010058403015,-0.5434050559997559,8.31106948852539,7.39204740524292,0.0,1.7028018236160278,0.019976090639829636
