,x0,y0,sigmax,sigmay,theta,phi,frequency
0,3.2615442276000977,-0.7167328000068665,10.35470199584961,11.33005428314209,0.2857151925563812,3.255720853805542,0.0
