,x0,y0,sigmax,sigmay,theta,phi,frequency
0,7.136371612548828,8.172347068786621,1.3489753007888794,0.032382674515247345,0.5694600939750671,5.162698268890381,0.0
