,x0,y0,sigmax,sigmay,theta,phi,frequency
0,13.321566581726074,5.999021053314209,4.581589698791504,3.215585470199585,3.1415927410125732,1.445648431777954,0.003999864682555199
