,x0,y0,sigmax,sigmay,theta,phi,frequency
0,-0.5725322365760803,14.010114669799805,8.855064392089844,3.154250144958496,2.3111178874969482,1.448015809059143,0.01583068072795868
