,x0,y0,sigmax,sigmay,theta,phi,frequency
0,4.3045125007629395,7.925121307373047,4.476302623748779,1.3922334909439087,2.0363423824310303,4.871695041656494,0.004021886270493269
