,x0,y0,sigmax,sigmay,theta,phi,frequency
0,6.507842540740967,8.754555702209473,3.1648378372192383,1.3124834299087524,1.3368053436279297,4.750695705413818,0.008051611483097076
