,x0,y0,sigmax,sigmay,theta,phi,frequency
0,10.206684112548828,-1.5775233507156372,11.438607215881348,5.397729396820068,2.306730270385742,4.0390400886535645,0.0
