,x0,y0,sigmax,sigmay,theta,phi,frequency
0,7.002180099487305,7.08588981628418,0.01261640153825283,1.1884230375289917,1.2021089792251587,4.763840198516846,0.0
