,x0,y0,sigmax,sigmay,theta,phi,frequency
0,13.984227180480957,5.112572193145752,9.040335655212402,2.4425177574157715,0.24967060983181,4.565767288208008,0.016015389934182167
