,x0,y0,sigmax,sigmay,theta,phi,frequency
0,5.709356307983398,5.219761848449707,0.17401345074176788,1.1534641981124878,2.8074002265930176,3.1343135833740234,0.22211547195911407
