,x0,y0,sigmax,sigmay,theta,phi,frequency
0,7.011124134063721,7.47371244430542,4.787166595458984,1.561922311782837,0.8954553604125977,4.6565165519714355,0.020033985376358032
