,x0,y0,sigmax,sigmay,theta,phi,frequency
0,5.838717460632324,4.2191362380981445,1.7965065240859985,3.1434738636016846,0.9453696012496948,1.5447134971618652,0.0054019298404455185
