,x0,y0,sigmax,sigmay,theta,phi,frequency
0,5.3569769859313965,0.2626352310180664,3.264817237854004,6.489840030670166,0.3877525329589844,4.125625133514404,0.0
