,x0,y0,sigmax,sigmay,theta,phi,frequency
0,2.7420740127563477,-0.8622958660125732,11.549996376037598,11.894683837890625,0.9075794816017151,3.32193922996521,0.0
