,x0,y0,sigmax,sigmay,theta,phi,frequency
0,9.9093599319458,9.890556335449219,5.046187877655029,2.5630335807800293,2.2560226917266846,0.0,0.0
