,x0,y0,sigmax,sigmay,theta,phi,frequency
0,4.180251121520996,6.673287868499756,1.9601585865020752,2.417128324508667,1.5696947574615479,4.864009857177734,0.018087945878505707
