,x0,y0,sigmax,sigmay,theta,phi,frequency
0,0.3811520040035248,10.490824699401855,9.333663940429688,1.8234323263168335,3.1415927410125732,1.2600438594818115,0.012101381085813046
