,x0,y0,sigmax,sigmay,theta,phi,frequency
0,3.486023187637329,2.3691489696502686,11.89088249206543,10.214516639709473,0.9616544842720032,3.213127374649048,0.0
