,x0,y0,sigmax,sigmay,theta,phi,frequency
0,1.2665140628814697,-1.8149588108062744,9.219326972961426,11.890027046203613,1.6249641180038452,1.7409616708755493,0.0
