,x0,y0,sigmax,sigmay,theta,phi,frequency
0,4.104288578033447,6.2174763679504395,2.2372615337371826,4.861841201782227,0.6347071528434753,4.606480121612549,0.011987742967903614
