,x0,y0,sigmax,sigmay,theta,phi,frequency
0,6.9529290199279785,2.840851068496704,5.15695858001709,1.7914273738861084,2.4541828632354736,0.0,0.0
