,x0,y0,sigmax,sigmay,theta,phi,frequency
0,6.451563835144043,-2.1651217937469482,6.772181034088135,0.9204345345497131,1.7846308946609497,3.0909204483032227,0.0
