,x0,y0,sigmax,sigmay,theta,phi,frequency
0,8.135923385620117,0.5145431160926819,4.676244735717773,5.099259853363037,3.1415927410125732,0.6021391749382019,0.15286241471767426
