,x0,y0,sigmax,sigmay,theta,phi,frequency
0,8.952179908752441,0.7700431942939758,11.890633583068848,11.580644607543945,2.2161552906036377,3.2233026027679443,0.0
