,x0,y0,sigmax,sigmay,theta,phi,frequency
0,4.232102870941162,4.559414386749268,11.694546699523926,11.896455764770508,0.7059319615364075,4.316919803619385,0.0
