,x0,y0,sigmax,sigmay,theta,phi,frequency
0,-0.3217608630657196,-1.5365349054336548,11.893641471862793,9.10740852355957,3.1415927410125732,1.7658779621124268,0.0
