,x0,y0,sigmax,sigmay,theta,phi,frequency
0,14.260346412658691,0.10340316593647003,7.828069686889648,5.882606029510498,2.7066848278045654,1.0366798639297485,0.02401585504412651
