,x0,y0,sigmax,sigmay,theta,phi,frequency
0,2.857527494430542,-0.310742050409317,11.64490032196045,11.894389152526855,1.2426174879074097,3.1836917400360107,0.0
