,x0,y0,sigmax,sigmay,theta,phi,frequency
0,14.608940124511719,9.947778701782227,3.9663872718811035,8.160286903381348,0.8459754586219788,0.0,0.0
