,x0,y0,sigmax,sigmay,theta,phi,frequency
0,6.184233665466309,5.307143688201904,0.14652962982654572,1.8274943828582764,0.26600128412246704,0.09915991127490997,0.5
