,x0,y0,sigmax,sigmay,theta,phi,frequency
0,9.616660118103027,17.12999153137207,5.5913801193237305,6.793659687042236,3.1415927410125732,0.66593998670578,0.003956428728997707
