,x0,y0,sigmax,sigmay,theta,phi,frequency
0,6.498965263366699,6.651618957519531,11.898393630981445,11.89870548248291,0.8159294724464417,3.3281807899475098,0.0
