,x0,y0,sigmax,sigmay,theta,phi,frequency
0,3.956390142440796,4.494569778442383,2.9133148193359375,7.187446594238281,1.2013907432556152,4.671846389770508,0.0
