,x0,y0,sigmax,sigmay,theta,phi,frequency
0,-2.14798641204834,-1.4605573415756226,10.75810718536377,8.068784713745117,1.0535354614257812,3.204815626144409,0.0
