,x0,y0,sigmax,sigmay,theta,phi,frequency
0,5.893082618713379,1.3234667778015137,5.6282057762146,2.8107361793518066,1.8683533668518066,2.1252386569976807,0.02203829027712345
