,x0,y0,sigmax,sigmay,theta,phi,frequency
0,10.612794876098633,-0.10872896015644073,5.660879611968994,11.418111801147461,0.6625167727470398,3.987779378890991,0.011994619853794575
