,x0,y0,sigmax,sigmay,theta,phi,frequency
0,5.748323917388916,4.508842945098877,5.058630466461182,7.275096416473389,0.218668594956398,3.4839577674865723,0.0
