,x0,y0,sigmax,sigmay,theta,phi,frequency
0,11.793781280517578,15.74677848815918,10.652341842651367,7.13148832321167,2.2007431983947754,4.766805648803711,0.0
