,x0,y0,sigmax,sigmay,theta,phi,frequency
0,-0.062261976301670074,6.375129222869873,11.894018173217773,3.357104778289795,2.7666029930114746,3.0923264026641846,0.0
