,x0,y0,sigmax,sigmay,theta,phi,frequency
0,3.2995951175689697,-0.14959903061389923,6.078999996185303,8.291672706604004,1.1131329536437988,2.024531602859497,0.01582193374633789
