,x0,y0,sigmax,sigmay,theta,phi,frequency
0,-0.11126832664012909,-0.9723939299583435,7.0162153244018555,11.687637329101562,1.5797958374023438,1.8625072240829468,0.011973470449447632
