,x0,y0,sigmax,sigmay,theta,phi,frequency
0,14.163410186767578,9.439813613891602,2.933440685272217,11.224847793579102,1.4018152952194214,4.83559513092041,0.009987651370465755
