,x0,y0,sigmax,sigmay,theta,phi,frequency
0,5.743159770965576,6.072299957275391,1.9113682508468628,6.585777759552002,1.5981568098068237,3.776430606842041,0.013911978341639042
