,x0,y0,sigmax,sigmay,theta,phi,frequency
0,2.301356554031372,-1.3451817035675049,9.917274475097656,10.180609703063965,3.1415927410125732,3.8666718006134033,0.012061504647135735
