,x0,y0,sigmax,sigmay,theta,phi,frequency
0,1.2580980062484741,-0.06786267459392548,8.05116081237793,10.524714469909668,1.078670620918274,1.862197756767273,0.012110268697142601
