,x0,y0,sigmax,sigmay,theta,phi,frequency
0,9.222768783569336,12.716239929199219,5.75931978225708,6.687431812286377,2.713014841079712,1.9131519794464111,0.10199841856956482
