,x0,y0,sigmax,sigmay,theta,phi,frequency
0,3.2425923347473145,3.6732730865478516,6.11362886428833,3.61765718460083,0.28758883476257324,3.189704418182373,0.0
