,x0,y0,sigmax,sigmay,theta,phi,frequency
0,10.096660614013672,14.810813903808594,11.898521423339844,7.937238693237305,2.2623682022094727,3.1842880249023438,0.0
