,x0,y0,sigmax,sigmay,theta,phi,frequency
0,-0.06509500741958618,2.037980318069458,3.0314276218414307,10.315665245056152,1.8748146295547485,3.4014177322387695,0.0
