,x0,y0,sigmax,sigmay,theta,phi,frequency
0,0.5198004841804504,-1.2939132452011108,10.116348266601562,11.892729759216309,1.3895500898361206,3.1880483627319336,0.0
