,x0,y0,sigmax,sigmay,theta,phi,frequency
0,10.163979530334473,0.1361803412437439,11.887937545776367,11.322428703308105,0.8867012858390808,4.654975891113281,0.0
