,x0,y0,sigmax,sigmay,theta,phi,frequency
0,0.6834224462509155,-1.0031745433807373,11.052895545959473,11.893499374389648,1.3388508558273315,3.2314248085021973,0.0
