,x0,y0,sigmax,sigmay,theta,phi,frequency
0,2.3253893852233887,5.741130352020264,0.1203828752040863,9.943002700805664,0.9332778453826904,0.0,0.0
