,x0,y0,sigmax,sigmay,theta,phi,frequency
0,4.311140060424805,0.015166006982326508,11.892083168029785,10.705620765686035,1.7591063976287842,4.220088481903076,0.0
