,x0,y0,sigmax,sigmay,theta,phi,frequency
0,-0.7477676868438721,2.1179311275482178,8.195671081542969,11.896193504333496,2.186262369155884,1.8486337661743164,0.0
