,x0,y0,sigmax,sigmay,theta,phi,frequency
0,15.136054039001465,15.356569290161133,10.538528442382812,11.897122383117676,0.16593703627586365,0.0,0.0
