,x0,y0,sigmax,sigmay,theta,phi,frequency
0,7.067315101623535,7.0353240966796875,0.009881220757961273,1.1093484163284302,0.3673979640007019,4.7667975425720215,0.0
