,x0,y0,sigmax,sigmay,theta,phi,frequency
0,6.958532333374023,7.027027130126953,0.17225688695907593,1.7967270612716675,1.2253272533416748,4.763150691986084,0.0
