,x0,y0,sigmax,sigmay,theta,phi,frequency
0,-0.1665267050266266,-0.23825210332870483,6.67881965637207,11.627530097961426,1.2404685020446777,1.721551775932312,0.019957249984145164
