,x0,y0,sigmax,sigmay,theta,phi,frequency
0,0.12551826238632202,1.234751582145691,6.019659042358398,11.857582092285156,1.2046394348144531,1.8644237518310547,0.020048948004841805
