,x0,y0,sigmax,sigmay,theta,phi,frequency
0,2.0886218547821045,-0.14045356214046478,5.888036727905273,8.859746932983398,1.1038036346435547,1.6332812309265137,0.01193416677415371
