,x0,y0,sigmax,sigmay,theta,phi,frequency
0,0.8597608208656311,-1.0823924541473389,6.835428714752197,10.249063491821289,0.04902946949005127,4.945775508880615,0.015779796987771988
