,x0,y0,sigmax,sigmay,theta,phi,frequency
0,6.249999046325684,7.148951530456543,1.1661853790283203,0.0057160030119121075,0.3715950548648834,0.0,0.0
