,x0,y0,sigmax,sigmay,theta,phi,frequency
0,8.606998443603516,9.829647064208984,4.513479709625244,2.857393503189087,0.2911098897457123,4.667483329772949,0.08377629518508911
