,x0,y0,sigmax,sigmay,theta,phi,frequency
0,5.726685047149658,6.817718029022217,4.299644470214844,0.9283627867698669,0.7698171138763428,4.368649482727051,0.02381489984691143
