,x0,y0,sigmax,sigmay,theta,phi,frequency
0,5.874473571777344,2.74011492729187,8.071718215942383,11.894744873046875,0.5392522811889648,3.336796522140503,0.0
