,x0,y0,sigmax,sigmay,theta,phi,frequency
0,5.119222640991211,4.40113639831543,2.7403337955474854,4.105525970458984,1.8578870296478271,4.268442153930664,0.01600891537964344
