,x0,y0,sigmax,sigmay,theta,phi,frequency
0,9.89948558807373,6.101923942565918,4.334497928619385,1.006859540939331,1.762298345565796,1.4768922328948975,0.003990585450083017
