,x0,y0,sigmax,sigmay,theta,phi,frequency
0,-0.15432368218898773,3.782961368560791,5.88668155670166,2.0278584957122803,0.0,1.6492438316345215,0.011949438601732254
