,x0,y0,sigmax,sigmay,theta,phi,frequency
0,1.128797173500061,3.807384490966797,6.989041805267334,4.229545593261719,2.8657026290893555,4.344605922698975,0.00800631195306778
