,x0,y0,sigmax,sigmay,theta,phi,frequency
0,15.999062538146973,16.137386322021484,9.715311050415039,9.956598281860352,0.0,0.0,0.0
