,x0,y0,sigmax,sigmay,theta,phi,frequency
0,5.9056596755981445,0.3056130111217499,11.898184776306152,7.772765636444092,0.2995883524417877,3.2005460262298584,0.0
