,x0,y0,sigmax,sigmay,theta,phi,frequency
0,-0.5274977087974548,-1.2075260877609253,11.887466430664062,8.574319839477539,3.0923171043395996,4.654918193817139,0.0
