,x0,y0,sigmax,sigmay,theta,phi,frequency
0,13.51989459991455,-1.6286298036575317,11.897615432739258,9.83810043334961,2.786180019378662,4.529257774353027,0.0
