,x0,y0,sigmax,sigmay,theta,phi,frequency
0,2.018711566925049,-0.03888532891869545,11.815011978149414,11.889276504516602,1.9668689966201782,3.1747963428497314,0.0
