,x0,y0,sigmax,sigmay,theta,phi,frequency
0,5.76658296585083,-2.329360008239746,4.348735332489014,8.48563003540039,3.1415927410125732,3.1856331825256348,0.0
