,x0,y0,sigmax,sigmay,theta,phi,frequency
0,3.721125602722168,6.539376258850098,0.9385122656822205,1.6726871728897095,1.6162716150283813,4.636562347412109,0.06072903424501419
