,x0,y0,sigmax,sigmay,theta,phi,frequency
0,0.2856327295303345,-0.5737349390983582,8.556365013122559,8.666385650634766,0.7515298128128052,1.758888602256775,0.015992481261491776
