,x0,y0,sigmax,sigmay,theta,phi,frequency
0,8.784164428710938,0.20257747173309326,2.9014904499053955,6.117862701416016,3.1415927410125732,1.5366063117980957,0.008180559612810612
