,x0,y0,sigmax,sigmay,theta,phi,frequency
0,5.813601493835449,4.151949882507324,4.227334976196289,6.54867696762085,1.043833613395691,1.686024785041809,0.0
