,x0,y0,sigmax,sigmay,theta,phi,frequency
0,4.5229949951171875,4.334652423858643,3.1399636268615723,2.1278746128082275,0.7012165188789368,1.4687409400939941,0.006417626980692148
