,x0,y0,sigmax,sigmay,theta,phi,frequency
0,7.43907356262207,3.4761173725128174,7.150584697723389,0.020604509860277176,0.9155889749526978,4.993832111358643,0.0
