,x0,y0,sigmax,sigmay,theta,phi,frequency
0,4.138642311096191,4.88224458694458,3.819196939468384,5.729736328125,1.7057842016220093,3.437032699584961,0.07169903814792633
