,x0,y0,sigmax,sigmay,theta,phi,frequency
0,6.05626106262207,6.20700740814209,7.711585998535156,8.998274803161621,1.2891751527786255,1.6130932569503784,0.0
