,x0,y0,sigmax,sigmay,theta,phi,frequency
0,5.927827835083008,9.879813194274902,2.984977960586548,3.4153761863708496,0.23786164820194244,5.007518768310547,0.023948483169078827
