,x0,y0,sigmax,sigmay,theta,phi,frequency
0,3.3115897178649902,4.098147869110107,6.105868339538574,3.8587377071380615,0.0,2.6248068809509277,0.031997062265872955
