,x0,y0,sigmax,sigmay,theta,phi,frequency
0,6.543757438659668,7.746181488037109,5.306469440460205,2.3487865924835205,1.4639357328414917,4.412604808807373,0.027856675907969475
