,x0,y0,sigmax,sigmay,theta,phi,frequency
0,0.20213744044303894,-1.1823537349700928,11.892866134643555,10.076604843139648,2.4450185298919678,1.795971393585205,0.0
