,x0,y0,sigmax,sigmay,theta,phi,frequency
0,6.953040599822998,6.70526647567749,2.816744804382324,0.5219191312789917,3.0740244388580322,4.915791034698486,0.029397202655673027
