,x0,y0,sigmax,sigmay,theta,phi,frequency
0,4.880309104919434,3.7467503547668457,6.4828362464904785,3.6530354022979736,3.0579166412353516,3.4146175384521484,0.008013736456632614
