,x0,y0,sigmax,sigmay,theta,phi,frequency
0,-0.02325100265443325,3.9948909282684326,7.344396591186523,3.3588194847106934,3.1415927410125732,4.453037261962891,0.011951565742492676
