,x0,y0,sigmax,sigmay,theta,phi,frequency
0,7.576717853546143,7.441226005554199,5.079277515411377,1.741946816444397,0.984324038028717,4.334375858306885,0.04814545810222626
