,x0,y0,sigmax,sigmay,theta,phi,frequency
0,4.309872150421143,-0.38108208775520325,11.206820487976074,11.893985748291016,0.3667548894882202,3.260357618331909,0.0
