,x0,y0,sigmax,sigmay,theta,phi,frequency
0,7.622679233551025,15.890032768249512,4.2550153732299805,10.282779693603516,0.4797956645488739,0.13468074798583984,0.0
