,x0,y0,sigmax,sigmay,theta,phi,frequency
0,8.637794494628906,15.979680061340332,3.514622926712036,9.222153663635254,0.39136236906051636,1.4474190473556519,0.0
