,x0,y0,sigmax,sigmay,theta,phi,frequency
0,11.881058692932129,0.22931653261184692,7.927493572235107,11.289639472961426,0.46542203426361084,4.044066429138184,0.01199501845985651
