,x0,y0,sigmax,sigmay,theta,phi,frequency
0,3.560117483139038,-1.1146225929260254,10.006659507751465,11.639427185058594,0.5637599229812622,3.3555192947387695,0.0
