,x0,y0,sigmax,sigmay,theta,phi,frequency
0,9.724509239196777,0.18103544414043427,9.308324813842773,4.708313465118408,2.45149827003479,1.6477071046829224,0.0
