,x0,y0,sigmax,sigmay,theta,phi,frequency
0,4.777658462524414,5.8340253829956055,2.331895112991333,1.0593160390853882,1.7258877754211426,1.6033148765563965,0.0
