,x0,y0,sigmax,sigmay,theta,phi,frequency
0,1.8205031156539917,8.603713035583496,3.6037988662719727,6.9957499504089355,2.239410400390625,4.766023635864258,0.011974440887570381
