,x0,y0,sigmax,sigmay,theta,phi,frequency
0,-0.1955956518650055,7.758661270141602,0.04819323122501373,6.955658435821533,1.5425952672958374,2.5990688800811768,0.5
