,x0,y0,sigmax,sigmay,theta,phi,frequency
0,2.5704381465911865,-1.350064754486084,11.888110160827637,10.81048583984375,0.0,3.263387441635132,0.0
