,x0,y0,sigmax,sigmay,theta,phi,frequency
0,5.51570987701416,5.63388729095459,2.5570271015167236,1.0647292137145996,0.8211895227432251,4.309533596038818,0.019522003829479218
