,x0,y0,sigmax,sigmay,theta,phi,frequency
0,-0.8226149082183838,9.13277816772461,3.8049533367156982,7.957132816314697,1.807775855064392,4.725865364074707,0.003997053485363722
