,x0,y0,sigmax,sigmay,theta,phi,frequency
0,4.912115573883057,5.166155815124512,1.7713842391967773,1.8891724348068237,1.3538622856140137,4.014259338378906,0.027391377836465836
