,x0,y0,sigmax,sigmay,theta,phi,frequency
0,10.161388397216797,3.9089579582214355,4.943156719207764,3.476778268814087,3.1415927410125732,1.5025835037231445,0.009988440200686455
