,x0,y0,sigmax,sigmay,theta,phi,frequency
0,2.4335849285125732,-1.052049160003662,8.659014701843262,11.773470878601074,0.0,1.9575717449188232,0.004007858224213123
