,x0,y0,sigmax,sigmay,theta,phi,frequency
0,0.5137906074523926,-0.8297427296638489,6.706359386444092,7.716815948486328,0.31220346689224243,1.6096402406692505,0.003998985048383474
