,x0,y0,sigmax,sigmay,theta,phi,frequency
0,0.10375767946243286,3.9630045890808105,6.6083784103393555,2.6745998859405518,0.0,1.7636568546295166,0.019985653460025787
