,x0,y0,sigmax,sigmay,theta,phi,frequency
0,6.21835470199585,2.7220957279205322,11.891748428344727,7.644775390625,2.1804146766662598,1.6180578470230103,0.0
