,x0,y0,sigmax,sigmay,theta,phi,frequency
0,4.731929302215576,0.015453889966011047,10.853680610656738,7.337439060211182,1.817745327949524,3.0367965698242188,0.0
