,x0,y0,sigmax,sigmay,theta,phi,frequency
0,3.1732959747314453,-1.9504773616790771,10.316885948181152,5.414172649383545,0.8221123814582825,3.2015247344970703,0.0
