,x0,y0,sigmax,sigmay,theta,phi,frequency
0,5.340693473815918,-0.4731525182723999,6.441616535186768,11.889577865600586,0.37793615460395813,1.641649603843689,0.0
