,x0,y0,sigmax,sigmay,theta,phi,frequency
0,4.192727565765381,8.409431457519531,3.384429693222046,1.539191484451294,0.0,1.2711633443832397,0.007740366272628307
