,x0,y0,sigmax,sigmay,theta,phi,frequency
0,6.677607536315918,6.417661190032959,4.294887542724609,2.617194175720215,0.8487230539321899,4.242987155914307,0.03505943715572357
