,x0,y0,sigmax,sigmay,theta,phi,frequency
0,0.6272051930427551,4.046146869659424,6.335910320281982,3.968642234802246,0.0,1.6698795557022095,0.019954079762101173
