,x0,y0,sigmax,sigmay,theta,phi,frequency
0,5.027263164520264,7.351897716522217,3.8320813179016113,3.121628761291504,3.1415927410125732,3.131136417388916,0.13013887405395508
