,x0,y0,sigmax,sigmay,theta,phi,frequency
0,8.981846809387207,14.844754219055176,7.79103946685791,4.418122291564941,1.1869348287582397,4.754718780517578,0.008002675138413906
