,x0,y0,sigmax,sigmay,theta,phi,frequency
0,6.839700698852539,6.18305778503418,4.276571273803711,1.0119147300720215,0.6567695140838623,4.273529529571533,0.04001825675368309
