,x0,y0,sigmax,sigmay,theta,phi,frequency
0,6.1298041343688965,5.718308925628662,11.233770370483398,4.2596540451049805,1.5644961595535278,4.114509582519531,0.003974623046815395
