,x0,y0,sigmax,sigmay,theta,phi,frequency
0,15.853575706481934,-2.270608901977539,9.857831954956055,9.318170547485352,2.5549564361572266,5.16346549987793,0.0
