,x0,y0,sigmax,sigmay,theta,phi,frequency
0,15.249298095703125,5.2911810874938965,6.182361125946045,2.4038827419281006,2.336566925048828,0.0,0.0
