,x0,y0,sigmax,sigmay,theta,phi,frequency
0,6.862321376800537,3.147844076156616,4.714588642120361,1.6808799505233765,1.8756463527679443,4.8486409187316895,0.003999523352831602
