,x0,y0,sigmax,sigmay,theta,phi,frequency
0,3.6474227905273438,-1.0184921026229858,7.28911018371582,3.153188943862915,1.5614598989486694,1.5905958414077759,0.019929440692067146
