,x0,y0,sigmax,sigmay,theta,phi,frequency
0,-1.9124342203140259,6.470682144165039,11.71275520324707,3.5772390365600586,2.83634877204895,1.7639814615249634,0.0
