,x0,y0,sigmax,sigmay,theta,phi,frequency
0,9.525577545166016,6.367223262786865,3.4641332626342773,1.4526441097259521,0.44717875123023987,4.853464126586914,0.003991842269897461
