,x0,y0,sigmax,sigmay,theta,phi,frequency
0,5.375000476837158,0.8563036322593689,7.445522308349609,1.6698015928268433,1.7114982604980469,2.0553462505340576,0.015913188457489014
