,x0,y0,sigmax,sigmay,theta,phi,frequency
0,8.55290699005127,2.126338481903076,6.304434776306152,4.58385705947876,3.1415927410125732,0.0,0.1560116559267044
