,x0,y0,sigmax,sigmay,theta,phi,frequency
0,7.916446685791016,16.354806900024414,9.48043441772461,4.870412826538086,1.86470627784729,4.815004825592041,0.0
