,x0,y0,sigmax,sigmay,theta,phi,frequency
0,13.539867401123047,0.9456198811531067,8.858838081359863,3.427079677581787,2.630875825881958,1.6433731317520142,0.004007547162473202
