,x0,y0,sigmax,sigmay,theta,phi,frequency
0,1.6980078220367432,0.5629493594169617,6.994962215423584,8.965913772583008,1.0173566341400146,1.8875538110733032,0.015975825488567352
