,x0,y0,sigmax,sigmay,theta,phi,frequency
0,6.846369743347168,7.204197406768799,0.19007688760757446,0.17418889701366425,0.0,0.049045901745557785,0.0
