,x0,y0,sigmax,sigmay,theta,phi,frequency
0,15.466593742370605,15.056626319885254,10.557473182678223,11.894200325012207,1.396681785583496,0.0,0.0
