,x0,y0,sigmax,sigmay,theta,phi,frequency
0,7.011871814727783,7.889862537384033,0.003399306209757924,1.7133440971374512,0.3659338057041168,4.761229991912842,0.0
