,x0,y0,sigmax,sigmay,theta,phi,frequency
0,7.003789901733398,6.914282321929932,3.3584938049316406,0.3573150932788849,2.0212297439575195,1.761802315711975,0.021320652216672897
