,x0,y0,sigmax,sigmay,theta,phi,frequency
0,-0.8238391876220703,-0.4035131335258484,11.853906631469727,11.835249900817871,3.1415927410125732,1.7250183820724487,0.0
