,x0,y0,sigmax,sigmay,theta,phi,frequency
0,5.244504928588867,1.131984829902649,11.893866539001465,7.276449203491211,1.8221969604492188,3.294484853744507,0.0
