,x0,y0,sigmax,sigmay,theta,phi,frequency
0,5.3707990646362305,12.876715660095215,2.4091315269470215,7.647747039794922,0.6576340794563293,4.897462368011475,0.014003363437950611
