,x0,y0,sigmax,sigmay,theta,phi,frequency
0,-0.03766738623380661,-1.608858346939087,8.340616226196289,9.777571678161621,0.2368977963924408,1.7628649473190308,0.00795472227036953
