,x0,y0,sigmax,sigmay,theta,phi,frequency
0,4.413698196411133,-1.1159716844558716,8.592362403869629,10.29608154296875,3.1415927410125732,1.6420280933380127,0.0
