,x0,y0,sigmax,sigmay,theta,phi,frequency
0,4.87853479385376,3.423957586288452,6.396378040313721,3.982520580291748,1.7494840621948242,3.1965627670288086,0.0
