,x0,y0,sigmax,sigmay,theta,phi,frequency
0,0.9481221437454224,0.9190573692321777,11.896620750427246,8.85183334350586,0.8004733324050903,3.344214677810669,0.0
