,x0,y0,sigmax,sigmay,theta,phi,frequency
0,8.490909576416016,6.233294486999512,0.9389074444770813,6.024925708770752,0.955316960811615,0.0,0.0
