,x0,y0,sigmax,sigmay,theta,phi,frequency
0,8.650160789489746,14.174520492553711,8.089120864868164,11.892792701721191,2.5771942138671875,2.0194790363311768,0.0
