,x0,y0,sigmax,sigmay,theta,phi,frequency
0,-0.3739602267742157,-1.3712905645370483,10.134241104125977,11.896012306213379,1.4251132011413574,3.210505247116089,0.0
