,x0,y0,sigmax,sigmay,theta,phi,frequency
0,4.8084845542907715,5.385561943054199,3.7928059101104736,2.801408290863037,0.79030442237854,3.5806260108947754,0.02796698920428753
