,x0,y0,sigmax,sigmay,theta,phi,frequency
0,5.718502998352051,5.962673187255859,4.595699787139893,1.4322214126586914,0.8536080718040466,3.807448387145996,0.05617259442806244
