,x0,y0,sigmax,sigmay,theta,phi,frequency
0,11.219609260559082,15.439374923706055,11.797531127929688,5.722721576690674,0.4764399826526642,1.8524526357650757,0.0
