,x0,y0,sigmax,sigmay,theta,phi,frequency
0,3.30753493309021,0.4435112178325653,11.886981964111328,11.891337394714355,0.568074107170105,3.30159854888916,0.0
