,x0,y0,sigmax,sigmay,theta,phi,frequency
0,5.387537956237793,4.09220027923584,4.137386798858643,0.7009986042976379,1.8212814331054688,1.2229093313217163,0.009084267541766167
