,x0,y0,sigmax,sigmay,theta,phi,frequency
0,16.286670684814453,8.785367965698242,8.706448554992676,3.667656660079956,2.7736570835113525,0.7457937598228455,0.0039918674156069756
