,x0,y0,sigmax,sigmay,theta,phi,frequency
0,1.2113522291183472,-0.7780969738960266,7.611818313598633,4.753061771392822,1.0864859819412231,1.6785681247711182,0.008866277523338795
