,x0,y0,sigmax,sigmay,theta,phi,frequency
0,15.324749946594238,5.266201972961426,4.019090175628662,6.461330890655518,0.604233980178833,4.984289646148682,0.0
