,x0,y0,sigmax,sigmay,theta,phi,frequency
0,-0.5063591003417969,-1.516287088394165,11.893113136291504,9.7332763671875,0.0582372322678566,3.2634167671203613,0.0
