,x0,y0,sigmax,sigmay,theta,phi,frequency
0,1.33584463596344,4.133408546447754,11.89283275604248,8.676763534545898,0.11768603324890137,4.452170372009277,0.0
