,x0,y0,sigmax,sigmay,theta,phi,frequency
0,-0.5591475367546082,-1.022059679031372,10.474454879760742,11.896413803100586,0.8318960666656494,4.461199760437012,0.0
