,x0,y0,sigmax,sigmay,theta,phi,frequency
0,5.2277140617370605,4.142654895782471,11.892183303833008,11.897260665893555,0.8006842136383057,4.347540855407715,0.0
