,x0,y0,sigmax,sigmay,theta,phi,frequency
0,2.1517679691314697,-0.5356451869010925,10.021710395812988,9.827033996582031,3.1415927410125732,3.7472026348114014,0.011933838948607445
