,x0,y0,sigmax,sigmay,theta,phi,frequency
0,6.939822673797607,17.18814468383789,2.328087329864502,8.559629440307617,2.7545077800750732,0.0,0.0
