,x0,y0,sigmax,sigmay,theta,phi,frequency
0,7.98024845123291,7.501804351806641,3.961578130722046,1.5555224418640137,0.8365156650543213,4.727842807769775,0.003994708880782127
