,x0,y0,sigmax,sigmay,theta,phi,frequency
0,7.483029842376709,2.868302345275879,11.898781776428223,8.75049114227295,0.1595402956008911,3.2317912578582764,0.0
