,x0,y0,sigmax,sigmay,theta,phi,frequency
0,8.824580192565918,-2.855165719985962,8.94873046875,1.9239673614501953,1.544142723083496,4.93841028213501,0.0
