,x0,y0,sigmax,sigmay,theta,phi,frequency
0,3.184384822845459,-1.1077414751052856,10.622498512268066,11.8834810256958,0.9842585325241089,3.289571523666382,0.0
