,x0,y0,sigmax,sigmay,theta,phi,frequency
0,8.194965362548828,7.132378101348877,4.2357401847839355,1.5326813459396362,0.7376021146774292,4.560095310211182,0.03995005041360855
