,x0,y0,sigmax,sigmay,theta,phi,frequency
0,4.9691643714904785,4.6866302490234375,11.897818565368652,11.33797836303711,2.406240701675415,1.724993348121643,0.0
