,x0,y0,sigmax,sigmay,theta,phi,frequency
0,10.37320613861084,12.053741455078125,2.3813185691833496,10.012203216552734,1.913156509399414,0.0,0.10618064552545547
