,x0,y0,sigmax,sigmay,theta,phi,frequency
0,4.894423484802246,-0.06290236115455627,7.471164703369141,11.83018970489502,0.264371395111084,4.594333171844482,0.0
