,x0,y0,sigmax,sigmay,theta,phi,frequency
0,2.8603384494781494,-1.2316699028015137,10.343849182128906,11.197747230529785,2.3926844596862793,3.224606990814209,0.0
