,x0,y0,sigmax,sigmay,theta,phi,frequency
0,5.528536319732666,1.0962287187576294,1.9230546951293945,4.463019371032715,0.252223938703537,1.6448009014129639,0.056265346705913544
