,x0,y0,sigmax,sigmay,theta,phi,frequency
0,1.6161413192749023,0.20021159946918488,6.384958744049072,8.16103744506836,0.9098731875419617,1.5590476989746094,0.02396164834499359
