,x0,y0,sigmax,sigmay,theta,phi,frequency
0,4.251951694488525,-0.16439597308635712,11.895591735839844,10.225086212158203,2.095355749130249,4.495492458343506,0.0
