,x0,y0,sigmax,sigmay,theta,phi,frequency
0,0.9017742276191711,4.120575428009033,8.611149787902832,4.05888557434082,2.873373508453369,3.839064359664917,0.02000778540968895
