,x0,y0,sigmax,sigmay,theta,phi,frequency
0,12.162830352783203,-0.8902077078819275,11.499343872070312,11.898029327392578,1.0903171300888062,4.395772457122803,0.0
