,x0,y0,sigmax,sigmay,theta,phi,frequency
0,5.005797863006592,-0.12378260493278503,9.686644554138184,4.631799697875977,1.8845851421356201,4.442184925079346,0.0
