,x0,y0,sigmax,sigmay,theta,phi,frequency
0,0.14329740405082703,-0.028604522347450256,6.053338050842285,10.320938110351562,1.2387754917144775,1.533264398574829,0.028042541816830635
