,x0,y0,sigmax,sigmay,theta,phi,frequency
0,7.815776824951172,15.287877082824707,4.55997371673584,9.16930866241455,0.2519192099571228,0.048812005668878555,0.0
