,x0,y0,sigmax,sigmay,theta,phi,frequency
0,4.95139217376709,4.303167343139648,4.949003219604492,3.8205666542053223,2.3073232173919678,4.034011363983154,0.0
