,x0,y0,sigmax,sigmay,theta,phi,frequency
0,4.385370254516602,3.8015010356903076,3.333683490753174,8.433418273925781,1.3383102416992188,3.191413640975952,0.0
